des level,start_time,end_time,time£¨s£©
3,1584217531.753554,1584218265.2832866,733.529732465744
2,1584218265.3212814,1584219369.7477021,1104.4264206886292
1,1584219369.8918734,1584220819.5131037,1449.6212303638458
