des level,start_time,end_time,time£¨s£©
2,1583738026.9501598,1583738207.5727973,180.62263751029968
1,1583738207.5727973,1583738494.038225,286.4654276371002
