des level,start_time,end_time,time£¨s£©
4,1584212347.243981,1584213060.6843183,713.4403374195099
3,1584213060.7383199,1584214179.8833132,1119.1449933052063
2,1584214179.9404266,1584215673.2704458,1493.330019235611
1,1584215673.3364413,1584217528.7854435,1855.4490022659302
