des level,start_time,end_time,time£¨s£©
2,1583819924.190495,1583820104.9882858,180.79779076576233
1,1583820104.9912837,1583820348.2663014,243.27501773834229
