des level,start_time,end_time,time£¨s£©
2,1584220819.6521065,1584221546.6576126,727.0055060386658
1,1584221546.7256174,1584222667.473928,1120.7483105659485
