des level,start_time,end_time,time£¨s£©
4,1583735839.4079208,1583736113.0418644,273.63394355773926
3,1583736113.0439382,1583736515.1639428,402.12000465393066
2,1583736515.2705007,1583736905.2590764,389.9885756969452
1,1583736905.2691758,1583737319.0363345,413.76715874671936
