des level,start_time,end_time,time£¨s£©
3,1583737319.7717257,1583737500.0702794,180.29855370521545
2,1583737500.0702794,1583737710.8709257,210.80064630508423
1,1583737710.8790243,1583738026.9013925,316.02236819267273
