des level,start_time,end_time,time (s)
1,1584273806.27573,1584274495.7571192,689.48
