des level,start_time,end_time,time£¨s£©
4,1583817402.575524,1583817715.9421632,313.36663913726807
3,1583817715.9801679,1583818126.5324342,410.5522663593292
2,1583818126.5444453,1583818534.4875042,407.94305896759033
1,1583818534.4945526,1583818987.6140716,453.11951899528503
