des level,start_time,end_time,time (s)
2,1584271729.5759723,1584272754.6690376,1025.09
1,1584272754.6927726,1584273806.0891278,1051.4
