des level,start_time,end_time,time£¨s£©
3,1583818987.8070793,1583819183.4150138,195.60793447494507
2,1583819183.4170077,1583819512.7669775,329.3499698638916
1,1583819512.7789762,1583819924.1354945,411.3565182685852
