des level,start_time,end_time,time£¨s£©
1,1583820348.2753062,1583820617.5765908,269.3012845516205
