des level,start_time,end_time,time£¨s£©
1,1583738494.0587635,1583738632.0456636,137.98690009117126
