des level,start_time,end_time,time£¨s£©
1,1584222667.6079655,1584223419.2894533,751.6814877986908
