level,avg size(KB),var,cov
1,3264.03,8076266.17,8103458.988993053
2,3264.03,8076266.17,8103458.988993053
3,3264.03,8076266.17,8103458.988993053
4,3264.03,8076266.17,8103458.988993053
5,654.62,62597.19,62807.95551046483
