level,avg size(KB),var,cov
1,3264.03,8076266.17,8103458.988993053
2,3264.03,8076266.17,8103458.988993053
3,3264.03,8076266.17,8103458.988993053
4,3264.03,8076266.17,8103458.988993053
5,3477.03,9311807.77,9343160.660436573
